layer,client,server,transport,workload,concurrency,status,sample_count,mean_ns,p50_ns,p95_ns,p99_ns,operations_per_second,payload_bytes_per_second,cpu_utilization_percent,round_cv
controlled,rust,python,unix,void_noop,1,complete,101143,49382.4104584598,49302.0,50523.0,56680.740000000005,20227.91945592341,0.0,,0.007559487194999122
controlled,rust,python,unix,add_floats,1,complete,75285,66363.62651258551,66159.0,67337.8,77600.64000000001,15056.440216609186,0.0,,0.0008879006995142057
controlled,rust,python,unix,echo_string_11b,1,complete,76920,64952.31069942798,64718.0,66034.0,75483.62,15383.318494377389,0.0,,0.0016521577791484522
controlled,rust,python,unix,echo_binary_1024,1,complete,76961,64916.59961538961,64647.0,65813.0,76544.59999999989,15391.823288203386,31522454.094240535,,0.0004717613878573016
controlled,rust,python,unix,echo_binary_65536,1,complete,62748,79634.61130235226,79157.0,81010.0,94010.76999999999,12549.003146822131,1644822940.4602704,,0.0015260896191024045
controlled,rust,python,unix,echo_binary_1048576,1,complete,6162,811697.0272638754,806806.0,830153.75,844165.64,1231.9010436130657,2583483737.415228,,0.00039740390355877473
controlled,rust,python,unix,echo_binary_16777216,1,complete,285,17676849.89473684,17650123.0,18001083.2,18445271.36,56.57089047116007,1898204097.4939885,,0.0024420761998956634
controlled,rust,python,http_identity,void_noop,1,complete,59594,83849.33384233312,83424.0,85474.0,96491.0,11918.269977848508,0.0,,0.0008137784598897399
controlled,rust,python,http_identity,add_floats,1,complete,48153,103784.9219570951,103133.0,107242.20000000001,119647.72000000004,9630.385991636416,0.0,,0.0008177349147544602
controlled,rust,python,http_identity,echo_string_11b,1,complete,50084,99783.61466735884,99008.0,103307.4,116240.54999999997,10016.367565366374,0.0,,0.004480614669897622
controlled,rust,python,http_identity,echo_binary_1024,1,complete,48653,102722.60429983762,102102.0,105731.80000000002,118970.76000000004,9729.931563431524,19926899.841907762,,0.0014013507733903912
controlled,rust,python,http_identity,echo_binary_65536,1,complete,27900,179176.5523297491,178153.0,188762.4,198400.03,5579.419285113735,731305644.5384275,,0.002525949823896362
controlled,rust,python,http_identity,echo_binary_1048576,1,complete,2820,1774358.8773049645,1773411.0,1804332.95,1821123.99,563.5618483587432,1181874857.409235,,0.0013238118385113097
controlled,rust,python,http_identity,echo_binary_16777216,1,complete,90,58547508.44444445,58457218.5,59508559.2,59774579.77,17.080103310963395,573113165.1006961,,0.0025199170130635077
controlled,rust,python,stdio_shm,void_noop,1,complete,131812,37880.0367341365,37849.0,38927.0,42926.56999999999,26362.02238511895,0.0,,0.00031108944457846146
controlled,rust,python,stdio_shm,add_floats,1,complete,88885,56201.298194296,55968.0,56831.0,65932.28000000003,17776.41141235229,0.0,,0.0008620449382808664
controlled,rust,python,stdio_shm,echo_string_11b,1,complete,93360,53504.80938303342,53294.0,53982.0,63046.100000000035,18671.45391225314,0.0,,0.0006145425188903349
controlled,rust,python,stdio_shm,echo_binary_1024,1,complete,90912,54946.62509899683,54776.0,55557.0,64577.0,18181.950138553282,37236633.88375712,,0.0009591007402193441
controlled,rust,python,stdio_shm,echo_binary_65536,1,complete,62030,80555.81940996292,80410.0,82026.0,94985.42,12405.58087000696,1626024295.7935522,,0.002345920111986843
controlled,rust,python,stdio_shm,echo_binary_1048576,1,complete,4897,1021406.8360220543,1016201.0,1096278.0,1130051.76,978.9894022506,2053089582.9086504,,0.008752001088748093
controlled,rust,python,stdio_shm,echo_binary_16777216,1,complete,250,20256180.156,20273327.0,20630165.1,20759062.68,49.36732277692874,1656492475.1405065,,0.0070593542711822
controlled,rust,python,http_zstd,void_noop,1,complete,51122,97754.55934822581,97269.0,99692.39999999997,111166.16,10223.979827145838,0.0,,0.0009794795511095496
controlled,rust,python,http_zstd,add_floats,1,complete,37104,134712.71224126779,133781.0,140656.55,153406.73,7420.2554586169645,0.0,,0.0017127502733187434
controlled,rust,python,http_zstd,echo_string_11b,1,complete,40156,124471.0602898695,123630.0,129135.0,142119.84999999998,8030.584095958877,0.0,,0.0024636453091500194
controlled,rust,python,http_zstd,echo_binary_1024,1,complete,38566,129603.61792770834,128648.0,135535.75,148059.35,7712.686119149253,15795581.17201767,,0.0021900321957202024
controlled,rust,python,http_zstd,echo_binary_65536,1,complete,20192,247599.87727812995,245793.0,263030.85,269264.27,4037.908120607125,529256693.1842171,,0.002872110402101801
controlled,rust,python,http_zstd,echo_binary_1048576,1,complete,2045,2446706.1212713937,2446201.0,2472497.2,2483756.56,408.70372870528365,857113842.061743,,0.0005683733273384286
controlled,rust,python,http_zstd,echo_binary_16777216,1,complete,132,38459950.64393939,38407098.5,38880152.3,39485969.5,26.00099768585802,872448708.7822803,,0.0021290243877228276
controlled,rust,python,stdio,void_noop,1,complete,129193,38649.23190884955,38671.0,39963.0,43286.32000000001,25838.148617878905,0.0,,0.0008395418142893556
controlled,rust,python,stdio,add_floats,1,complete,92393,54063.53103590099,53835.0,54671.0,63029.480000000054,18478.157152485684,0.0,,0.00043123615311137253
controlled,rust,python,stdio,echo_string_11b,1,complete,97376,51294.307129066714,51107.0,51731.25,60390.0,19474.718121469745,0.0,,0.0009417217164850289
controlled,rust,python,stdio,echo_binary_1024,1,complete,95557,52272.54542315058,52064.0,52874.0,61460.600000000035,19111.061608076532,39139454.17334074,,0.0011337179134570574
controlled,rust,python,stdio,echo_binary_65536,1,complete,64534,77427.6429014163,76894.0,79224.35,90412.38999999997,12906.386027668163,1691665829.4185214,,0.0007752064425533202
controlled,rust,python,stdio,echo_binary_1048576,1,complete,4433,1128369.7114820664,1124624.0,1154646.4,1174734.8800000001,886.1915194127569,1858478317.3195019,,0.003817398821853347
controlled,rust,python,stdio,echo_binary_16777216,1,complete,205,24764029.97073171,24789625.0,25200273.0,25325804.32,40.38098296026545,1354960946.8333857,,0.005067876543553407
controlled,rust,python,tcp,void_noop,1,complete,81486,61307.75493949881,61100.0,61869.0,70767.44999999998,16296.66775734971,0.0,,0.0010220756381352364
controlled,rust,python,tcp,add_floats,1,complete,63498,78690.57838042143,78201.0,81142.0,89956.06,12699.134091628619,0.0,,0.0002592352970399118
controlled,rust,python,tcp,echo_string_11b,1,complete,61769,80894.96556525117,80570.0,82306.0,91750.95999999999,12353.367975544486,0.0,,0.0007744907344101021
controlled,rust,python,tcp,echo_binary_1024,1,complete,61477,81280.87396912667,80874.0,82738.0,92778.0,12294.992366905071,25180144.367421586,,0.0005662766325982867
controlled,rust,python,tcp,echo_binary_65536,1,complete,52395,95381.22866685753,94838.0,98001.3,109433.0,10478.34256573507,1373417316.7760272,,0.0024605583535316344
controlled,rust,python,tcp,echo_binary_1048576,1,complete,5952,840241.1547379033,836812.0,857886.05,866738.49,1190.053855461353,2495723823.088487,,0.0015081093972048568
controlled,rust,python,tcp,echo_binary_16777216,1,complete,281,17974625.391459074,17791026.0,18993848.0,19264278.0,55.6336605513334,1866755879.880799,,0.009139818808047923
controlled,rust,typescript,unix,void_noop,1,complete,74860,66738.28005610473,57293.0,74359.0,105419.82,14971.84401734029,0.0,,0.012347877595966497
controlled,rust,typescript,unix,add_floats,1,complete,53498,93412.75944895136,81548.0,105870.15,129808.36999999991,10699.063185203744,0.0,,0.008539476238303088
controlled,rust,typescript,unix,echo_string_11b,1,complete,52514,95164.04017976159,80972.5,108179.4,129519.09000000003,10502.316065878464,0.0,,0.010968427335566583
controlled,rust,typescript,unix,echo_binary_1024,1,complete,54135,92314.09092084604,78178.0,108685.19999999998,130858.85999999936,10826.378838679406,22172423.861615423,,0.045879240945929906
controlled,rust,typescript,unix,echo_binary_65536,1,noisy,35280,213602.57409297052,132462.5,176411.54999999993,193947.63,4680.434817600345,613473952.4125124,,0.09321576801065186
controlled,rust,typescript,unix,echo_binary_1048576,1,complete,4101,1219687.82565228,455473.0,1161158.0,6632945.0,819.8447040645685,1719338960.818418,,0.010529205093620861
controlled,rust,typescript,unix,echo_binary_16777216,1,noisy,253,28088726.011857707,20726198.0,23023509.599999994,339359729.5599997,35.601233604977594,1194579172.1143355,,0.10713024148937406
controlled,rust,typescript,http_identity,void_noop,1,complete,79990,62457.62631578947,58301.0,64223.0,79627.77,15996.559960878514,0.0,,0.0024807002664854736
controlled,rust,typescript,http_identity,add_floats,1,complete,59965,83334.13232719086,76527.0,85915.79999999999,140599.52000000005,11992.227736510451,0.0,,0.0048009050120505405
controlled,rust,typescript,http_identity,echo_string_11b,1,complete,61022,81889.71216938153,74953.0,84201.54999999997,141381.75,12203.631090697321,0.0,,0.003857752423071148
controlled,rust,typescript,http_identity,echo_binary_1024,1,complete,62125,80432.14884507042,73801.0,81126.79999999996,148818.6800000001,12424.629892639832,25445642.020126376,,0.001484658875276343
controlled,rust,typescript,http_identity,echo_binary_65536,1,complete,36634,136439.34246874487,109274.0,144195.8,712643.799999998,7326.407820319941,960286925.8249753,,0.006506280029447623
controlled,rust,typescript,http_identity,echo_binary_1048576,1,complete,5913,845900.0848976831,600368.0,1898745.7999999998,2602570.64,1182.0802341199046,2479001927.145026,,0.013429143675472491
controlled,rust,typescript,http_identity,echo_binary_16777216,1,complete,121,41946563.14049587,41087885.0,47311128.0,49034288.0,23.839738374625266,799928880.189154,,0.02571892065886522
controlled,rust,typescript,stdio_shm,void_noop,1,unsupported,,,,,,,,,
controlled,rust,typescript,stdio_shm,add_floats,1,unsupported,,,,,,,,,
controlled,rust,typescript,stdio_shm,echo_string_11b,1,unsupported,,,,,,,,,
controlled,rust,typescript,stdio_shm,echo_binary_1024,1,unsupported,,,,,,,,,
controlled,rust,typescript,stdio_shm,echo_binary_65536,1,unsupported,,,,,,,,,
controlled,rust,typescript,stdio_shm,echo_binary_1048576,1,unsupported,,,,,,,,,
controlled,rust,typescript,stdio_shm,echo_binary_16777216,1,unsupported,,,,,,,,,
controlled,rust,typescript,http_zstd,void_noop,1,complete,60413,82711.25032691639,77269.0,85524.79999999999,103841.4799999996,12082.152887850232,0.0,,0.003380930383677063
controlled,rust,typescript,http_zstd,add_floats,1,complete,45900,108886.44644880174,100782.5,116338.0,177378.4600000005,9179.368542058623,0.0,,0.003152762668972949
controlled,rust,typescript,http_zstd,echo_string_11b,1,complete,46695,107030.94397687119,99189.0,113847.09999999992,173895.63999999897,9338.46354262333,0.0,,0.008937942494372646
controlled,rust,typescript,http_zstd,echo_binary_1024,1,complete,48194,103698.14325434701,95963.0,108599.9,183968.91999999998,9638.430005731998,19739504.65173913,,0.005049671394698646
controlled,rust,typescript,http_zstd,echo_binary_65536,1,complete,19592,255216.3254899959,202769.5,285876.10000000015,2076520.2400000002,3917.427833872064,513465101.0412792,,0.007020844451947731
controlled,rust,typescript,http_zstd,echo_binary_1048576,1,complete,3161,1583383.6906042392,1131742.0,3264142.0,3593312.0000000014,631.5370482780221,1324429183.8703506,,0.0076239716911325
controlled,rust,typescript,http_zstd,echo_binary_16777216,1,complete,184,27517966.711956523,26156579.5,36141211.75,37651200.61,36.33971536536373,1219358508.1264524,,0.04057670694362905
controlled,rust,typescript,stdio,void_noop,1,complete,90663,55097.08327542658,47406.0,62892.79999999993,83126.48000000021,18132.257608579577,0.0,,0.009745969892672414
controlled,rust,typescript,stdio,add_floats,1,complete,63079,79444.32427590799,68098.0,91710.1,109602.40000000002,12578.883949257095,0.0,,0.011007161514101008
controlled,rust,typescript,stdio,echo_string_11b,1,complete,61877,80793.93383648206,68133.0,93450.2,116996.31999999992,12368.8700579024,0.0,,0.03886047718700219
controlled,rust,typescript,stdio,echo_binary_1024,1,complete,66876,78279.56763263354,64667.5,94998.5,114268.5,12766.089805597981,26144951.921864666,,0.010635766115956343
controlled,rust,typescript,stdio,echo_binary_65536,1,complete,25327,210021.79910767166,134767.0,172544.59999999998,191014.4799999999,4760.206968446175,623929847.768177,,0.04436343233221576
controlled,rust,typescript,stdio,echo_binary_1048576,1,complete,2936,1704428.3283378747,708541.0,1329762.5,7832158.9,586.6864507036021,1230370663.4659605,,0.020506530225417197
controlled,rust,typescript,stdio,echo_binary_16777216,1,complete,131,38673420.145038165,25549091.0,32128837.0,421357599.2999988,25.857425610996295,867631229.3592336,,0.014469432694357574
controlled,rust,typescript,tcp,void_noop,1,complete,68498,72941.80378989168,63291.0,81728.44999999998,116134.53999999998,13699.163689855975,0.0,,0.009403665854722056
controlled,rust,typescript,tcp,add_floats,1,complete,48691,102635.32981454478,88644.0,114529.5,136964.49999999994,9738.00733547247,0.0,,0.019666358373913766
controlled,rust,typescript,tcp,echo_string_11b,1,complete,48042,104023.88185337829,89973.5,120163.69999999998,143934.72999999984,9608.125712992021,0.0,,0.013517747533726624
controlled,rust,typescript,tcp,echo_binary_1024,1,complete,50311,99332.18492973704,84412.0,107898.5,134331.90000000014,10061.86221322364,20606693.812682014,,0.01637468250844948
controlled,rust,typescript,tcp,echo_binary_65536,1,complete,23520,218788.09613095238,139484.5,189176.3,210126.88000000006,4569.525037855659,598936785.761817,,0.022051210533739953
controlled,rust,typescript,tcp,echo_binary_1048576,1,complete,4318,1159147.6227420103,486405.5,1207017.4,6140922.869999999,862.6511548121617,1809110594.6166346,,0.01394280133717254
controlled,rust,typescript,tcp,echo_binary_16777216,1,complete,184,27549240.945652176,20159281.0,24950620.5,309255536.99999994,36.298324558703264,1217969663.1189387,,0.02926562554275191
controlled,rust,go,unix,void_noop,1,complete,253460,19672.162641047897,18802.0,21835.0,46078.97000000006,50691.68123043175,0.0,,0.001493834556165477
controlled,rust,go,unix,add_floats,1,complete,192306,25947.38533379094,24437.0,28966.75,83111.45000000013,38460.63175955001,0.0,,0.0067209790524902936
controlled,rust,go,unix,echo_string_11b,1,complete,187994,26543.741959849784,25202.0,29592.0,81181.77000000008,37598.32820865797,0.0,,0.004009263082105721
controlled,rust,go,unix,echo_binary_1024,1,complete,180753,27608.592759179654,25626.0,33108.79999999999,97206.40000000031,36150.24962455058,74035711.2310796,,0.003428659919368995
controlled,rust,go,unix,echo_binary_65536,1,complete,71945,69448.30236986587,48336.0,149045.8,177378.8,14387.995527990604,1885863349.8447845,,0.005187254778277916
controlled,rust,go,unix,echo_binary_1048576,1,complete,10554,473775.52918324806,420555.0,753342.85,876363.3699999995,2110.4500266046284,4425934494.19395,,0.022117096634134702
controlled,rust,go,unix,echo_binary_16777216,1,complete,366,13731189.857923497,13790340.0,14060834.0,14265397.9,72.82588974850228,2443631365.4056168,,0.0014666889802146634
controlled,rust,go,http_identity,void_noop,1,complete,103519,48248.05433785102,45543.0,55270.09999999999,125382.6599999999,20703.03050562156,0.0,,0.0032335702429731714
controlled,rust,go,http_identity,add_floats,1,complete,86890,57492.76881114052,53228.0,74986.50000000003,163225.95000000004,17377.512807526433,0.0,,0.003406784282653429
controlled,rust,go,http_identity,echo_string_11b,1,complete,87910,56826.0791832556,52396.0,76284.15000000004,163025.32000000018,17581.16190601194,0.0,,0.001005168322782689
controlled,rust,go,http_identity,echo_binary_1024,1,complete,81148,61563.597377631,55066.0,115604.6999999999,183966.03999999992,16229.328265865113,33237664.288491752,,0.0012749485545474754
controlled,rust,go,http_identity,echo_binary_65536,1,complete,24630,202978.9569224523,165238.5,340186.69999999995,383005.9699999999,4925.319107140544,645571426.0111253,,0.016834490111096168
controlled,rust,go,http_identity,echo_binary_1048576,1,complete,7140,700452.8450980393,693785.0,754380.3999999999,837154.33,1427.510603970122,2993706718.1371493,,0.0033504806912208864
controlled,rust,go,http_identity,echo_binary_16777216,1,complete,133,38518804.315789476,38067935.0,40815582.4,43593051.92000001,25.961201566336577,871113372.5959342,,0.011499369329543669
controlled,rust,go,stdio_shm,void_noop,1,complete,389605,12780.325773539867,12119.0,14187.0,22866.440000000293,77920.73824865608,0.0,,0.0034595544504746685
controlled,rust,go,stdio_shm,add_floats,1,complete,279499,17835.948962250313,16665.0,19535.099999999977,67834.42000000132,55899.32922702912,0.0,,0.0009454552712327272
controlled,rust,go,stdio_shm,echo_string_11b,1,complete,277512,17964.24012294964,16854.0,19548.0,63627.890000000014,55501.69112130066,0.0,,0.0006330744134593982
controlled,rust,go,stdio_shm,echo_binary_1024,1,complete,261603,19059.704491156448,17590.0,21103.899999999994,84352.48000000027,52319.917287863296,107151190.60554403,,0.005210051054470463
controlled,rust,go,stdio_shm,echo_binary_65536,1,complete,71299,70075.512545758,51613.0,143943.09999999998,167925.0,14259.43459913651,1869012611.7780206,,0.0023855775307226957
controlled,rust,go,stdio_shm,echo_binary_1048576,1,complete,8591,582094.5958561285,534071.0,908724.5,1024118.5000000006,1717.7560291202647,3602395491.9816213,,0.016441884585440446
controlled,rust,go,stdio_shm,echo_binary_16777216,1,complete,517,9710676.49516441,9701149.0,9993132.6,10094846.760000002,102.97817821195375,3455374278.2968836,,0.00879896997489088
controlled,rust,go,http_zstd,void_noop,1,complete,65455,76339.37100297914,71554.0,83389.0,152545.75999999998,13090.10063416385,0.0,,0.001841365233836693
controlled,rust,go,http_zstd,add_floats,1,complete,56893,87835.65166189162,81933.0,96878.0,164494.08000000002,11378.044808303579,0.0,,0.00406108897454903
controlled,rust,go,http_zstd,echo_string_11b,1,complete,58030,86114.78249181458,80176.0,94830.74999999997,162566.09999999998,11605.258150120115,0.0,,0.005115076917062781
controlled,rust,go,http_zstd,echo_binary_1024,1,complete,48038,104037.90328489945,96470.5,109850.0,187042.84999999948,9606.977166220546,19675089.236419678,,0.002330583991949565
controlled,rust,go,http_zstd,echo_binary_65536,1,complete,10306,485660.0206675723,370393.5,1006018.75,2692296.8000000156,2058.828027112323,269854707.1696664,,0.014259882435678991
controlled,rust,go,http_zstd,echo_binary_1048576,1,complete,1152,4351756.491319444,4127701.5,6910797.9,7822144.01,229.78907243152528,481902612.8279181,,0.013512685926636587
controlled,rust,go,http_zstd,echo_binary_16777216,1,complete,78,66464062.79487179,65299139.5,71974174.75,73146120.9,15.045678869117626,504849208.5076443,,0.011486445619054063
controlled,rust,go,stdio,void_noop,1,complete,403633,12334.293256497858,11789.0,13442.0,21270.0,80725.80638459742,0.0,,0.001868576225031275
controlled,rust,go,stdio,add_floats,1,complete,288437,17281.621116569648,16245.0,18899.0,57447.76000000187,57686.825450755874,0.0,,0.003912144988164649
controlled,rust,go,stdio,echo_string_11b,1,complete,284505,17521.387212878508,16513.0,18917.0,52819.32000000088,56900.11063989067,0.0,,0.003986034488168257
controlled,rust,go,stdio,echo_binary_1024,1,complete,268295,18583.187744833114,17211.0,20348.0,81487.71999999997,53658.40959651921,109892422.85367134,,0.003607146757546983
controlled,rust,go,stdio,echo_binary_65536,1,complete,71002,70369.48925382383,50988.0,148170.89999999997,172960.0,14199.922084582338,1861212187.4703763,,0.0029345941864400817
controlled,rust,go,stdio,echo_binary_1048576,1,complete,6600,757866.8142424242,720096.5,1011813.2,1141790.2200000007,1319.3934484438814,2766968609.190983,,0.03043397469788958
controlled,rust,go,stdio,echo_binary_16777216,1,complete,270,18644787.15185185,18699773.5,18998322.8,19179888.63,53.63378444365113,1799651173.0171497,,0.002696090508213256
controlled,rust,go,tcp,void_noop,1,complete,147019,33955.5225106959,33215.0,35490.0,49530.92000000004,29403.22799548322,0.0,,0.005075425351054436
controlled,rust,go,tcp,add_floats,1,complete,118466,42153.33250890551,40922.0,44767.75,90775.00000000012,23692.583381563425,0.0,,0.0021577600374736968
controlled,rust,go,tcp,echo_string_11b,1,complete,108301,46115.38977479433,44932.0,48751.0,91607.0,21659.418151319227,0.0,,0.0031253511980117313
controlled,rust,go,tcp,echo_binary_1024,1,complete,113071,44167.327404904885,42479.0,47572.5,105090.20000000004,22613.73946215036,46312938.418483935,,0.0008863236629566924
controlled,rust,go,tcp,echo_binary_65536,1,complete,56646,88219.8092539632,66609.0,168219.25,191122.95,11328.360094991509,1484830814.370727,,0.003463831574755681
controlled,rust,go,tcp,echo_binary_1048576,1,noisy,12333,567669.4324170924,503158.0,864445.0,927705.0800000001,1761.4110315433345,3693946667.623167,,0.0612442939676827
controlled,rust,go,tcp,echo_binary_16777216,1,complete,348,14452402.942528736,14495557.5,14722163.1,14886789.739999998,69.19157921206954,2321684139.644001,,0.0014361532125558444
controlled,rust,java,unix,void_noop,1,complete,258368,19290.21790624226,19037.0,20970.649999999994,22530.329999999987,51672.986879341486,0.0,,0.009940915174216493
controlled,rust,java,unix,add_floats,1,complete,202128,24676.558319480726,24563.0,25366.0,26638.0,40425.084580171606,0.0,,0.0017436945388815816
controlled,rust,java,unix,echo_string_11b,1,complete,203189,24547.627410932677,24461.0,25203.0,26398.839999999967,40637.286531629754,0.0,,0.0035641540347392756
controlled,rust,java,unix,echo_binary_1024,1,complete,192553,25906.415371352305,25809.0,26597.0,28235.800000000105,38510.3211698706,78869137.75589499,,0.0025568049380594554
controlled,rust,java,unix,echo_binary_65536,1,complete,99909,49986.20537689297,49701.0,51358.0,62424.92,19981.32964749263,2618992839.556154,,0.007714867237521067
controlled,rust,java,unix,echo_binary_1048576,1,complete,12191,410170.91608563694,407987.0,424116.0,430259.69999999995,2437.630578759798,5112081843.507268,,0.0025333014239930017
controlled,rust,java,unix,echo_binary_16777216,1,complete,395,12729792.898734177,12743970.0,13166300.5,13341921.32,78.55492157716604,2635865774.3263507,,0.0010303110506155724
controlled,rust,java,http_identity,void_noop,1,complete,105706,47239.666660359864,46519.0,52439.75,57910.0,21140.81709752073,0.0,,0.009726835335965111
controlled,rust,java,http_identity,add_floats,1,complete,93170,53606.458194697865,53290.0,54600.0,64431.26999999996,18633.311715278534,0.0,,0.00926103246500327
controlled,rust,java,http_identity,echo_string_11b,1,complete,93659,53326.566918288685,53074.0,54385.0,64193.09999999999,18731.01450366818,0.0,,0.007082645231051015
controlled,rust,java,http_identity,echo_binary_1024,1,complete,89796,55621.764165441666,55279.0,56653.25,67510.25000000001,17958.780227879197,36779581.906696595,,0.002943749131241634
controlled,rust,java,http_identity,echo_binary_65536,1,complete,39293,127196.52444455755,126324.0,132716.60000000003,144750.16,7858.090291259729,1029975610.6559952,,0.0041226293279261784
controlled,rust,java,http_identity,echo_binary_1048576,1,complete,4977,1005150.6495881053,998040.0,1033688.8,1279079.88,994.8055372384902,2086258422.030774,,0.0010349576305290797
controlled,rust,java,http_identity,echo_binary_16777216,1,complete,125,40196678.872,40144296.0,40952560.800000004,41322094.519999996,24.877563345492263,834752507.6020126,,0.001299916738370629
controlled,rust,java,stdio_shm,void_noop,1,complete,467840,10626.491687329002,10496.0,10984.0,13106.0,93567.29160203527,0.0,,0.0067684998937448905
controlled,rust,java,stdio_shm,add_floats,1,complete,313063,15910.53736148954,15836.0,16199.0,16775.0,62612.122657699285,0.0,,0.0037796738941729417
controlled,rust,java,stdio_shm,echo_string_11b,1,complete,313691,15878.022563605586,15844.0,16133.0,16433.0,62737.73527649971,0.0,,0.00331465876789603
controlled,rust,java,stdio_shm,echo_binary_1024,1,complete,294716,16904.279825323363,16828.0,17196.0,17697.0,58942.49839565309,120714236.71429753,,0.0016954293579376164
controlled,rust,java,stdio_shm,echo_binary_65536,1,complete,94273,52976.78707583295,52701.0,54430.399999999994,64809.119999999995,18854.29768642004,2471270506.3544474,,0.003966570732146917
controlled,rust,java,stdio_shm,echo_binary_1048576,1,complete,9747,513038.78998666257,505494.0,567188.1,623967.1599999998,1948.92926342143,4087200902.642779,,0.002346992057373283
controlled,rust,java,stdio_shm,echo_binary_16777216,1,complete,451,11188697.747228382,11162632.0,11579327.0,11838539.0,89.37489906494821,2998923973.1816683,,0.005893589717729823
controlled,rust,java,http_zstd,void_noop,1,complete,83993,59467.67933042039,58321.0,66460.4,74478.56000000001,16798.19437400045,0.0,,0.008750584249926812
controlled,rust,java,http_zstd,add_floats,1,complete,67717,73779.01961102826,73188.0,75261.0,85610.55999999997,13542.810229574436,0.0,,0.0028630881161051955
controlled,rust,java,http_zstd,echo_string_11b,1,complete,69210,72185.24318740066,71721.0,73568.1,84010.20000000007,13841.50897800561,0.0,,0.0020242810119771946
controlled,rust,java,http_zstd,echo_binary_1024,1,complete,68393,73047.31941865396,72635.0,74468.0,85066.04000000002,13678.336981993842,28013234.139123388,,0.0007654342044607606
controlled,rust,java,http_zstd,echo_binary_65536,1,complete,25444,196466.19242257506,195145.5,207050.4,212321.85,5088.330601502012,666937668.6000717,,0.0008096683258656574
controlled,rust,java,http_zstd,echo_binary_1048576,1,complete,3203,1562361.187012176,1556953.0,1584572.9,1841164.42,640.0305458784278,1342241339.3500366,,0.0012531547288897275
controlled,rust,java,http_zstd,echo_binary_16777216,1,complete,185,27428913.56216216,27471804.0,27844950.999999996,28183127.200000003,36.457726701189344,1223318311.4696422,,0.002535130178351249
controlled,rust,java,stdio,void_noop,1,complete,498591,9957.397572358908,9859.0,10277.0,11712.0,99717.60666029686,0.0,,0.006694860489629297
controlled,rust,java,stdio,add_floats,1,complete,332492,14977.071006219698,14979.0,15430.0,17059.0,66497.98291135159,0.0,,0.003166269430155585
controlled,rust,java,stdio,echo_string_11b,1,complete,340014,14643.995214902916,14473.0,15264.0,16145.0,68002.34949803505,0.0,,0.003164285880992149
controlled,rust,java,stdio,echo_binary_1024,1,complete,304735,16346.447309957832,16393.0,16778.0,17108.0,60946.480150902906,124818391.34904915,,0.0012032317593000876
controlled,rust,java,stdio,echo_binary_65536,1,complete,94963,52591.66422712003,52320.0,54154.899999999994,64605.140000000014,18992.141734813653,2489338001.465495,,0.0006353837472816055
controlled,rust,java,stdio,echo_binary_1048576,1,complete,8630,579521.0739281576,577201.5,602875.7999999999,619582.5599999998,1725.3768311567258,3618377472.2139897,,0.009323427782561192
controlled,rust,java,stdio,echo_binary_16777216,1,complete,295,17077815.911864407,17057490.0,17426460.2,17638260.02,58.5549477094571,1964778011.1805341,,0.004375225473047908
controlled,rust,java,tcp,void_noop,1,complete,231449,21541.417768061216,21199.0,23251.0,25003.03999999998,46289.15463660606,0.0,,0.0074382834720685955
controlled,rust,java,tcp,add_floats,1,complete,182282,27369.275935089587,27128.0,28563.0,31124.320000000065,36455.90274148661,0.0,,0.0013876082537899884
controlled,rust,java,tcp,echo_string_11b,1,complete,183153,27238.456574557884,27008.0,28321.0,30824.96000000002,36630.05780188442,0.0,,0.006817625631143492
controlled,rust,java,tcp,echo_binary_1024,1,complete,175243,28470.69680386663,28256.0,29742.0,33241.43999999977,35047.80685411177,71777908.4372209,,0.001506232704058173
controlled,rust,java,tcp,echo_binary_65536,1,complete,96640,51677.77457574503,50589.0,61192.05,64269.83,19327.727687779065,2533323923.4925776,,0.0056945860222248025
controlled,rust,java,tcp,echo_binary_1048576,1,complete,11536,433462.0832177531,431975.5,448111.5,452784.54999999993,2306.6726226702717,4837443103.978206,,0.0032425974542616034
controlled,rust,java,tcp,echo_binary_16777216,1,complete,390,12875009.141025642,12873741.0,13264093.749999998,13447476.43,77.66909128705224,2606142242.093187,,0.0028330028995687275
controlled,rust,cpp,unix,void_noop,1,complete,271819,18339.49929916599,18130.0,19150.0,25673.0,54363.29189892859,0.0,,0.004695208319367761
controlled,rust,cpp,unix,add_floats,1,complete,212369,23490.793378506278,23317.0,24103.0,29013.0,42473.32189480476,0.0,,0.0018066386006819267
controlled,rust,cpp,unix,echo_string_11b,1,complete,210910,23653.6980750083,23499.0,24397.0,28529.910000000003,42181.57596548945,0.0,,0.0003690281865386408
controlled,rust,cpp,unix,echo_binary_1024,1,complete,203559,24509.454978654838,24434.0,25044.0,25616.0,40711.26279860287,83376666.21153867,,0.000579015942697609
controlled,rust,cpp,unix,echo_binary_65536,1,complete,144556,34535.25406071004,33993.0,37223.25,44065.350000000035,28910.516659464032,3789359239.5892696,,0.008406268625610863
controlled,rust,cpp,unix,echo_binary_1048576,1,complete,26885,185945.5171285103,177828.0,198506.59999999986,384180.60000000003,5376.35876384078,11275041534.30622,,0.002224604748315186
controlled,rust,cpp,unix,echo_binary_16777216,1,complete,488,10274178.56352459,10369644.0,10648079.5,11444190.36,97.3303448003095,3265864436.138539,,0.00937866549347878
controlled,rust,cpp,http_identity,void_noop,1,complete,114408,43649.10617264527,43286.0,44324.0,56559.92999999999,22881.261247503484,0.0,,0.001467971962142965
controlled,rust,cpp,http_identity,add_floats,1,complete,101769,49079.02062514125,48680.0,49965.0,62564.59999999996,20353.145544605013,0.0,,0.0016851602572169975
controlled,rust,cpp,http_identity,echo_string_11b,1,complete,104939,47594.43244170423,47204.0,48424.09999999999,61246.859999999986,20987.327621427365,0.0,,0.0011344440686263464
controlled,rust,cpp,http_identity,echo_binary_1024,1,complete,99850,50022.04452679019,49620.0,50986.54999999999,63929.509999999995,19969.66923837447,40897882.600190915,,0.0010282267838782509
controlled,rust,cpp,http_identity,echo_binary_65536,1,complete,57679,86635.17150089287,84587.0,99727.3,116387.88,11535.406158162948,1511968755.962734,,0.0012779271577341613
controlled,rust,cpp,http_identity,echo_binary_1048576,1,complete,8354,598536.9339238688,556064.0,906144.3999999997,1363680.1999999993,1670.5526940520567,3503402923.436659,,0.013511855470413578
controlled,rust,cpp,http_identity,echo_binary_16777216,1,complete,101,50250852.66336634,50381754.0,51271671.0,51644504.0,19.900074934086817,667735711.1707206,,0.00877174459897501
controlled,rust,cpp,stdio_shm,void_noop,1,complete,462564,10755.742852880898,10675.0,10958.0,16729.0,92512.25811869929,0.0,,0.006607641971472292
controlled,rust,cpp,stdio_shm,add_floats,1,complete,317214,15708.611851935917,15593.0,16034.0,20255.869999999995,63442.19089152525,0.0,,0.001536204451391119
controlled,rust,cpp,stdio_shm,echo_string_11b,1,complete,352042,14149.264232676784,13875.0,15352.0,17959.0,70407.825091945,0.0,,0.001439070221675188
controlled,rust,cpp,stdio_shm,echo_binary_1024,1,complete,306697,16248.721819906945,16597.0,16960.0,17209.0,61338.851434383854,125621967.73761813,,0.002604203848911498
controlled,rust,cpp,stdio_shm,echo_binary_65536,1,complete,114102,43766.55458274176,43332.0,45009.95,54245.98000000001,22820.131612432106,2991080290.704701,,0.008541336058216914
controlled,rust,cpp,stdio_shm,echo_binary_1048576,1,complete,13199,378832.90097734676,339080.0,509388.2,547908.8600000001,2639.276131136441,5534963216.96505,,0.01620091595551827
controlled,rust,cpp,stdio_shm,echo_binary_16777216,1,complete,539,9314510.51205937,8404570.0,12063389.799999999,12347159.34,107.3585120173335,3602353891.1067996,,0.006729239308998104
controlled,rust,cpp,http_zstd,void_noop,1,complete,89843,55600.06436784168,55146.0,56558.0,69139.90000000001,17967.907822286965,0.0,,0.0009403059212592359
controlled,rust,cpp,http_zstd,add_floats,1,complete,73131,68318.24301595766,67802.0,69891.0,82320.7,14625.79412836262,0.0,,0.0008331673975035118
controlled,rust,cpp,http_zstd,echo_string_11b,1,complete,75395,66266.54637575436,65775.0,67768.3,79991.18,15078.346613021888,0.0,,0.001174834465952099
controlled,rust,cpp,http_zstd,echo_binary_1024,1,complete,73358,68107.35326753728,67575.0,69857.0,82493.85999999999,14671.075702701828,30046363.039133344,,0.00075921079747272
controlled,rust,cpp,http_zstd,echo_binary_65536,1,complete,28810,173507.52002776813,172342.0,182983.1,194550.88999999998,5761.632266125268,755188664.3855711,,0.0013695102375595094
controlled,rust,cpp,http_zstd,echo_binary_1048576,1,complete,3463,1444393.2679757436,1302486.0,1953901.1999999993,2311635.2,692.3031683704507,1451864974.1544275,,0.029238019406667894
controlled,rust,cpp,http_zstd,echo_binary_16777216,1,complete,100,50759207.45,50806536.5,51459103.800000004,51848566.08,19.700802971454458,661049253.6510665,,0.005739862281621383
controlled,rust,cpp,stdio,void_noop,1,complete,498954,9967.224862412166,9883.0,10134.0,16084.0,99790.29110943145,0.0,,0.0003698479556906356
controlled,rust,cpp,stdio,add_floats,1,complete,362907,13723.963392825159,13559.0,14049.0,18804.0,72580.82965984053,0.0,,0.001041499952441649
controlled,rust,cpp,stdio,echo_string_11b,1,complete,382075,13032.670140679185,12913.0,13332.0,17185.0,76414.53769204696,0.0,,0.000761024054555428
controlled,rust,cpp,stdio,echo_binary_1024,1,complete,346288,14384.869091623157,14336.0,14602.0,14840.0,69257.2310667301,141838809.22466326,,0.0006594010685470765
controlled,rust,cpp,stdio,echo_binary_65536,1,complete,117050,42663.03362665528,42531.0,43272.0,48536.05999999997,23409.598595612882,3068342907.1241717,,0.004057985748942257
controlled,rust,cpp,stdio,echo_binary_1048576,1,complete,8690,575515.8455696203,606871.0,656298.55,661696.4900000001,1737.3946989839317,3643580767.7635503,,0.0011515414408353908
controlled,rust,cpp,stdio,echo_binary_16777216,1,noisy,393,17934805.117048346,17167942.0,19753983.2,20142743.6,55.757115130631355,1870898328.166941,,0.057484438716350506
controlled,rust,cpp,tcp,void_noop,1,complete,147554,33831.0067704027,33338.0,36131.0,41575.350000000006,29510.389976739585,0.0,,0.02573044644579036
controlled,rust,cpp,tcp,add_floats,1,complete,130779,38178.66051124416,37616.0,41512.0,45527.44,26155.073197594967,0.0,,0.0030427549424907746
controlled,rust,cpp,tcp,echo_string_11b,1,complete,119384,41828.02513737184,41611.5,43604.84999999999,48786.34,23876.28191333402,0.0,,0.003060560022254506
controlled,rust,cpp,tcp,echo_binary_1024,1,complete,112449,44411.07060089463,44286.0,45127.0,50991.68000000004,22489.188442503008,46057857.93024616,,0.0043054031489759515
controlled,rust,cpp,tcp,echo_binary_65536,1,complete,92541,53976.88244129629,53529.0,56192.0,64622.600000000035,18507.556251670896,2425822413.0190077,,0.008192924898744547
controlled,rust,cpp,tcp,echo_binary_1048576,1,complete,21077,237179.81211747404,230618.0,248783.60000000003,401263.9600000001,4215.179506489123,8839872132.392677,,0.001045179612840397
controlled,rust,cpp,tcp,echo_binary_16777216,1,complete,448,11224783.513392856,11093575.0,12129393.85,12438512.409999998,89.08789804903125,2989293817.109152,,0.004135365513058153
controlled,rust,python,unix,add_floats_load,1,complete,91211,65534.46184122529,65342.0,66942.0,76083.49999999997,15200.905632196538,0.0,3.984503871059212,0.002273677467414907
controlled,rust,python,unix,add_floats_load,2,complete,61338,195401.93087482473,194585.0,246731.89999999997,265119.67,10221.918393260014,0.0,5.077484509366485,0.003459147550739046
controlled,rust,python,unix,add_floats_load,4,complete,43533,551197.7335354788,542678.0,740736.4000000001,837249.52,7250.8407909787375,0.0,5.795014856052894,0.011296456574699326
controlled,rust,python,unix,add_floats_load,8,complete,44009,1091020.805357995,1069715.0,1528596.1999999997,1760376.6399999997,7324.732141940372,0.0,5.791606898586658,0.00760331047944454
controlled,rust,python,unix,add_floats_load,16,complete,44021,2183213.6874446287,2133287.0,3165250.0,3699463.8000000007,7307.175341505312,0.0,5.804164469794807,0.001389498789665792
controlled,rust,python,unix,echo_binary_1048576_load,1,complete,7276,824425.6260307862,826020.0,848049.5,856159.25,1212.3269269974078,2542433839.6064677,4.033363049484059,0.01563587666149142
controlled,rust,python,unix,echo_binary_1048576_load,2,complete,8050,1490727.221863354,1497620.0,1666848.2999999998,1713726.7600000002,1341.0781763059313,2812444779.5963364,4.738101581125576,0.0018451911377769647
controlled,rust,python,unix,echo_binary_1048576_load,4,complete,8618,2786053.007542353,2766491.5,3551404.349999999,3989360.52,1434.4353222241964,3008228904.873118,5.660150192012651,0.012893434997315344
controlled,rust,python,unix,echo_binary_1048576_load,8,complete,8864,5424686.1573781585,5354668.0,7296622.9,8276537.020000001,1472.6375183703724,3088344716.925463,5.995770907708324,0.040883159214965624
controlled,rust,python,unix,echo_binary_1048576_load,16,complete,8329,11570481.782206748,11415528.0,16017257.0,18280937.88,1377.0633668703485,2887911193.958885,5.989199985129623,0.0376033675045826
controlled,rust,python,http_identity,add_floats_load,1,complete,58017,103177.35655066618,102489.0,106959.2,119027.31999999992,9668.588464816714,0.0,3.2976121230468265,0.005332448450249528
controlled,rust,python,http_identity,add_floats_load,2,complete,115989,103202.39983101845,102519.0,107061.0,118681.23999999999,19329.35444809938,0.0,6.593568049916222,0.003159286111399533
controlled,rust,python,http_identity,add_floats_load,4,complete,231067,103609.42016817634,102758.0,107720.0,119501.68,38506.45653764975,0.0,13.462644506604645,0.003428268419487293
controlled,rust,python,http_identity,add_floats_load,8,complete,435008,110095.82050445049,104151.0,121653.0,133770.0,72489.47335476092,0.0,25.10432757124688,0.013273025159924217
controlled,rust,python,http_identity,add_floats_load,16,noisy,1099480,145250.03153763598,126125.0,238227.0,251934.0,109907.8196904527,0.0,44.446578810650465,0.0669442932772246
controlled,rust,python,http_identity,echo_binary_1048576_load,1,complete,3360,1786416.6928571428,1784116.5,1823761.95,1849815.01,559.621964077556,1173612321.2091746,4.4689925523838765,0.007301240418572692
controlled,rust,python,http_identity,echo_binary_1048576_load,2,complete,6541,1835056.0891301024,1829354.0,1884329.0,1933458.8,1089.4086098560629,2284655444.976862,8.66220075553325,0.0026709109265432487
controlled,rust,python,http_identity,echo_binary_1048576_load,4,complete,11235,2136603.200534045,2045917.0,2790669.3,2832147.2800000003,1871.0752018051862,3923929101.61615,16.91660666163869,0.016629187025497854
controlled,rust,python,http_identity,echo_binary_1048576_load,8,complete,17056,2816024.4626524393,2247291.0,4799566.0,4897252.950000001,2837.3202218902725,5950291777.977629,27.78525497834362,0.003063449744917862
controlled,rust,python,http_identity,echo_binary_1048576_load,16,noisy,39733,4029512.4529735986,3351212.0,6910206.800000001,8896246.56,3964.3724746174453,8313891663.888925,51.88684022259304,0.1415606207474872
controlled,rust,python,http_zstd,add_floats_load,1,complete,45953,130322.37958348748,129100.0,137760.8,148945.24000000005,7658.189536142692,0.0,3.282153158643227,0.0007546209290058213
controlled,rust,python,http_zstd,add_floats_load,2,noisy,147952,134926.97089596625,129950.0,155651.0,167872.44999999995,14793.75150976405,0.0,6.2550605784858,0.07586837963661668
controlled,rust,python,http_zstd,add_floats_load,4,complete,177938,134623.50919983364,130433.0,156190.0,165242.63,29651.060608771364,0.0,12.661000339468046,0.03046939807990163
controlled,rust,python,http_zstd,add_floats_load,8,complete,352755,135823.84688523196,131693.0,156906.0,168646.6000000002,58781.73633910157,0.0,25.47151457637766,0.0041231247215970535
controlled,rust,python,http_zstd,add_floats_load,16,noisy,855218,186800.31276937577,164561.0,270615.1499999999,311774.82999999996,85490.03417733462,0.0,44.45429018715827,0.08487808628716054
controlled,rust,python,http_zstd,echo_binary_1048576_load,1,complete,2488,2412284.421221865,2407514.0,2442691.95,2477062.8200000003,414.45726669170057,869179885.7570332,3.1497281462064026,0.004801708088321576
controlled,rust,python,http_zstd,echo_binary_1048576_load,2,noisy,7805,2563799.2508648303,2417836.0,3401216.2,3421480.96,779.7108645363307,1635172198.984095,5.923245489886315,0.15070163587436136
controlled,rust,python,http_zstd,echo_binary_1048576_load,4,complete,9767,2457981.9070338896,2450525.0,2515402.5,2560854.12,1626.6333035909977,3411297285.892468,12.622331584644582,0.0025029791718978634
controlled,rust,python,http_zstd,echo_binary_1048576_load,8,complete,16663,2882505.6451419313,2697875.0,3673099.2,3740782.66,2773.4174615613356,5816277976.348278,23.28663981822262,0.01474223855259455
controlled,rust,python,http_zstd,echo_binary_1048576_load,16,noisy,44032,3636252.4527616277,3185186.5,4546615.05,6264320.51,4394.677777131758,9216307289.667421,41.30503622700992,0.12499976208188286
controlled,rust,python,tcp,add_floats_load,1,complete,74849,79915.09849162982,79495.0,81705.0,91034.0,12474.262843712613,0.0,4.314418710604836,0.005097748621711966
controlled,rust,python,tcp,add_floats_load,2,complete,58495,204899.58613556714,204128.0,244268.49999999997,260170.24,9747.917477540532,0.0,5.197235090677018,0.011069102125270836
controlled,rust,python,tcp,add_floats_load,4,complete,42031,570901.6655087911,566009.0,723542.5,799015.7999999997,7001.119493348696,0.0,6.161151573857197,0.008812546308697806
controlled,rust,python,tcp,add_floats_load,8,complete,42098,1140716.0041569672,1124331.0,1506192.65,1686528.74,7005.148839142695,0.0,5.995951257725785,0.005733364534343596
controlled,rust,python,tcp,add_floats_load,16,complete,41588,2311518.5466240263,2271338.5,3134639.8000000003,3573622.0599999963,6906.8895622343725,0.0,5.922552202768583,0.0005394972783012952
controlled,rust,python,tcp,echo_binary_1048576_load,1,complete,6993,857815.1166881167,853810.0,889802.0,899927.32,1165.2339066024713,2443672617.699186,3.81327566330449,0.015492473706280537
controlled,rust,python,tcp,echo_binary_1048576_load,2,complete,8192,1465166.8220214844,1474656.5,1818996.65,1902260.81,1364.1946775513347,2860923596.4161367,4.856896212227443,0.006041736739947671
controlled,rust,python,tcp,echo_binary_1048576_load,4,noisy,14570,2747384.603363075,2789742.5,3526004.1999999997,3998885.719999999,1455.2851112346846,3051954081.596041,5.730400433609327,0.09483340937078517
controlled,rust,python,tcp,echo_binary_1048576_load,8,complete,8691,5530163.515130595,5476727.0,7330708.0,8276774.9,1445.218119928878,3030842070.6450863,5.726526797847979,0.04148047166823466
controlled,rust,python,tcp,echo_binary_1048576_load,16,complete,7758,12422952.173369424,12253276.5,16702858.0,19124433.19000001,1283.6665667237323,2692043907.7378087,6.211478162823873,0.043934724193252665
controlled,rust,typescript,unix,add_floats_load,1,complete,66028,90634.07898164415,79585.5,99323.65,136689.5199999999,11002.710700115225,0.0,4.749034699556746,0.006257245889889687
controlled,rust,typescript,unix,add_floats_load,2,complete,68719,174384.78703124318,154884.0,184023.2,342738.4399999989,11452.025884560202,0.0,4.774047028349307,0.010842337031095344
controlled,rust,typescript,unix,add_floats_load,4,complete,68416,350573.12429840973,314317.5,363915.25,1937299.4000000127,11400.734656369104,0.0,4.561989038555159,0.0034301255027105754
controlled,rust,typescript,unix,add_floats_load,8,complete,67799,707969.2252393103,637836.0,746006.6,2955594.7400000067,11293.804613844628,0.0,4.471162463638933,0.008455347052126368
controlled,rust,typescript,unix,add_floats_load,16,complete,67462,1423777.1334084373,1285731.5,2670720.449999999,4130495.1599999983,11231.070070685128,0.0,4.424912463951336,0.0042487593858875905
controlled,rust,typescript,unix,echo_binary_1048576_load,1,complete,6280,956958.2656050955,507641.0,3078535.099999996,4794825.090000001,1044.4076260266663,2190281541.7370753,10.594261781479831,0.005861475478006047
controlled,rust,typescript,unix,echo_binary_1048576_load,2,complete,6869,1747451.5227835202,1530135.0,3569346.6,4307475.279999999,1143.9680919230393,2399074971.9125857,10.374661445644032,0.003288641391230285
controlled,rust,typescript,unix,echo_binary_1048576_load,4,complete,6925,3468453.1797833936,3255609.0,4958714.999999999,5593775.440000001,1151.923187977301,2415758017.512973,10.540780525510478,0.03524055549101913
controlled,rust,typescript,unix,echo_binary_1048576_load,8,complete,6732,7144136.112150921,7076621.5,9014888.1,11182786.159999995,1118.0860490340388,2344796393.9038324,10.39939800702682,0.012745642180342718
controlled,rust,typescript,unix,echo_binary_1048576_load,16,complete,6384,15096165.77553258,14756196.0,18881302.549999997,25300739.160000004,1055.5653923149928,2213681073.6241717,9.943102700297608,0.004146878984465092
controlled,rust,typescript,http_identity,add_floats_load,1,complete,71958,83133.47212262709,76645.0,87407.0,141174.8799999999,11991.813957635062,0.0,3.858223498494617,0.0002482327761091817
controlled,rust,typescript,http_identity,add_floats_load,2,complete,111479,107390.6783788875,94455.0,113757.19999999998,768325.7800000021,18578.105869833485,0.0,5.136067581974591,0.0025224292184443395
controlled,rust,typescript,http_identity,add_floats_load,4,complete,114638,209132.40734311484,140857.0,299032.6,1186275.4200000016,19101.481582480024,0.0,5.467336841652345,0.006678773863412399
controlled,rust,typescript,http_identity,add_floats_load,8,complete,116068,413334.51904056245,321300.5,675834.3999999999,1561114.2000000002,19339.30489273342,0.0,5.439583076454869,0.0045979674376195765
controlled,rust,typescript,http_identity,add_floats_load,16,complete,113203,847941.6923049743,706055.0,1678131.0,2385921.1199999996,18856.830185202474,0.0,5.42020971129504,0.01225824098789946
controlled,rust,typescript,http_identity,echo_binary_1048576_load,1,noisy,6963,1436136.7289961223,1273329.0,2884602.7999999984,3451726.6799999997,696.0423189387521,1459706541.247042,5.060501650454316,0.07163699754347053
controlled,rust,typescript,http_identity,echo_binary_1048576_load,2,complete,7471,1606325.0701378663,1172949.0,3177684.0,3538345.1000000015,1244.2156960206555,2609309435.3411098,9.000635611214646,0.005712395623094467
controlled,rust,typescript,http_identity,echo_binary_1048576_load,4,complete,8760,2740510.4351598173,2321158.0,4578248.5,4870016.55,1458.745821398865,3059211716.8382726,11.105666421252513,0.024432726712436823
controlled,rust,typescript,http_identity,echo_binary_1048576_load,8,complete,8543,5625887.141870537,5085479.0,9142936.799999999,10481705.1,1420.2826952422247,2978548694.892622,10.902770737760205,0.00860698475894431
controlled,rust,typescript,http_identity,echo_binary_1048576_load,16,complete,8431,11418018.755307792,10474751.0,20207004.5,21711721.500000007,1397.7026373385181,2931194881.299748,11.609324225405942,0.014666032192623234
controlled,rust,typescript,http_zstd,add_floats_load,1,complete,55172,108502.31015732618,100716.0,115338.39999999997,178134.38,9194.656864038532,0.0,3.6389084731153694,0.001953300521259372
controlled,rust,typescript,http_zstd,add_floats_load,2,complete,87928,136230.67752024383,121105.0,143624.94999999998,964761.2699999935,14653.112545339181,0.0,5.670070694092334,0.002963382304988907
controlled,rust,typescript,http_zstd,add_floats_load,4,complete,90831,263991.78810097877,180113.0,379214.5,1319216.8999999966,15135.579985889399,0.0,5.451916590690817,0.004389694288886769
controlled,rust,typescript,http_zstd,add_floats_load,8,complete,90669,529211.369431669,414639.0,881818.7999999999,1887825.1599999988,15106.955261346564,0.0,5.67205480425979,0.0033657525570891054
controlled,rust,typescript,http_zstd,add_floats_load,16,complete,90689,1058589.1238518453,893184.0,2000325.199999999,2918066.84,15104.648372151089,0.0,5.755987455013475,0.0006091879047702936
controlled,rust,typescript,http_zstd,echo_binary_1048576_load,1,complete,3185,1884276.2954474096,1500022.0,3209999.0,3602612.12,530.5495490998142,1112643047.9937735,4.48027293481933,0.009617128605082067
controlled,rust,typescript,http_zstd,echo_binary_1048576_load,2,complete,5145,2333108.7562682214,2034324.0,3777072.2,4218258.720000001,856.8133574866305,1796867846.279802,8.435261815303342,0.025875522211014194
controlled,rust,typescript,http_zstd,echo_binary_1048576_load,4,complete,6141,3911931.0457580197,3733283.0,5898468.0,7115319.000000009,1021.5783020751813,2142404979.3535707,9.711905762398596,0.016132631517814945
controlled,rust,typescript,http_zstd,echo_binary_1048576_load,8,complete,6141,7832366.609672692,6399227.0,12698314.0,14355123.000000002,1019.5679935508714,2138189056.811197,9.772151665097555,0.0016237616110507153
controlled,rust,typescript,http_zstd,echo_binary_1048576_load,16,complete,6264,15382765.72876756,13688794.0,27291975.649999995,28615456.259999998,1036.2184551651271,2173107605.6864567,9.680567857260618,0.025492558989849586
controlled,rust,typescript,tcp,add_floats_load,1,complete,56726,105516.10048302366,93478.0,114767.75,157103.75,9453.693315144666,0.0,4.823323367750125,0.000809901831779458
controlled,rust,typescript,tcp,add_floats_load,2,complete,64550,185699.09369481023,165447.0,198976.64999999997,285124.9600000004,10755.04332076883,0.0,4.856868899866796,0.013131552625201957
controlled,rust,typescript,tcp,add_floats_load,4,complete,67133,357340.8583260096,313713.0,536815.9999999998,2000121.2799999802,11179.09281462483,0.0,4.7353254561042375,0.025788184294402303
controlled,rust,typescript,tcp,add_floats_load,8,complete,66207,724961.8601054269,654016.0,758290.2000000001,3037157.2000000007,11029.080829885173,0.0,4.748752552452673,0.006769199003744195
controlled,rust,typescript,tcp,add_floats_load,16,complete,65136,1474102.0027173914,1333046.5,2728006.25,4290163.9,10844.717768360351,0.0,4.574031319003824,0.005918985156686953
controlled,rust,typescript,tcp,echo_binary_1048576_load,1,complete,6074,988079.8424432005,530991.0,3179517.3499999987,4575400.929999999,1011.6077858053811,2121495291.2173266,10.246932630162924,0.012123678532416339
controlled,rust,typescript,tcp,echo_binary_1048576_load,2,complete,6482,1851994.7176797285,1575432.0,3697347.25,4503530.579999996,1079.5018001134677,2263879359.111559,9.948575900915728,0.005477763667654693
controlled,rust,typescript,tcp,echo_binary_1048576_load,4,complete,6462,3717352.3796038376,3681411.5,5461343.1,6377198.19,1075.280563296163,2255026783.877675,9.898140034090167,0.02580791363534093
controlled,rust,typescript,tcp,echo_binary_1048576_load,8,complete,6540,7352427.205351682,7182131.5,9424265.1,11227931.539999995,1085.951346957686,2277405039.175005,10.325682890426203,0.018712482587417995
controlled,rust,typescript,tcp,echo_binary_1048576_load,16,complete,6373,15118501.728542287,14794033.0,18648098.799999997,21147575.759999994,1054.643407992204,2211747532.3576665,9.388512234629776,0.010699009780253899
controlled,rust,go,unix,add_floats_load,1,complete,228134,26054.366078708128,24500.0,29205.349999999977,85035.11999999941,38018.770005105216,0.0,5.651813024145247,0.008402861883528555
controlled,rust,go,unix,add_floats_load,2,complete,319968,37254.206955070506,38935.0,46717.0,130661.99000000005,53322.625674767965,0.0,8.13426923770501,0.0057423332630890415
controlled,rust,go,unix,add_floats_load,4,complete,614914,38777.46454138302,28752.0,108541.09999999986,211276.61,102467.24484921955,0.0,18.532569272388194,0.002509579488178564
controlled,rust,go,unix,add_floats_load,8,complete,646358,74010.51100009592,38888.0,257606.15000000002,301152.43000000005,107702.67399972868,0.0,29.929322603939998,0.003935153551361502
controlled,rust,go,unix,add_floats_load,16,noisy,947645,168550.69732336476,87693.0,486937.79999999993,629976.7199999993,94738.29033934126,0.0,33.75973525820022,0.10975652041668492
controlled,rust,go,unix,echo_binary_1048576_load,1,complete,12327,486391.2333901193,426270.0,741197.5999999996,937749.22,2054.3029262692935,4308185490.431501,8.117728785832789,0.017788770439113647
controlled,rust,go,unix,echo_binary_1048576_load,2,noisy,34777,574759.5714121402,504074.0,963521.3999999999,1191343.6399999997,3477.132638701336,7292075667.517784,13.19389674331335,0.07722740459536574
controlled,rust,go,unix,echo_binary_1048576_load,4,noisy,59617,670670.8209738833,592690.0,1174860.9999999995,1463946.7599999993,5959.818055736922,12498644355.224798,18.563303127647934,0.09383627545318453
controlled,rust,go,unix,echo_binary_1048576_load,8,noisy,91267,876207.8044419122,794918.0,1514935.7999999996,1861704.0399999996,9123.99726671966,19134409115.895668,29.467919881758235,0.09054205677272521
controlled,rust,go,unix,echo_binary_1048576_load,16,complete,67862,1414155.3182193274,1354465.5,2430042.85,3058057.9299999997,11305.009128118523,23708322503.052017,46.32514151709834,0.008578449583251872
controlled,rust,go,http_identity,add_floats_load,1,complete,104938,56928.32266671749,52845.0,68567.44999999998,167697.8600000001,17488.46190984365,0.0,4.934148563450935,0.002947792277484639
controlled,rust,go,http_identity,add_floats_load,2,complete,186820,63979.64868322449,54976.0,140901.24999999994,217227.81,31132.85843834558,0.0,8.729044173671745,0.007006402530577628
controlled,rust,go,http_identity,add_floats_load,4,complete,298824,80057.36371911225,58226.0,230117.54999999993,297674.54000000004,49795.80127070818,0.0,13.270383360807841,0.0051914011001942964
controlled,rust,go,http_identity,add_floats_load,8,complete,398178,120294.22481151645,73137.0,355388.0,410301.45999999996,66348.50568237797,0.0,21.000015079975267,0.00557678667227198
controlled,rust,go,http_identity,add_floats_load,16,complete,333792,287317.45602051576,227336.0,734867.4500000002,1146512.990000003,55607.41529440936,0.0,26.33737235385855,0.017030088418249913
controlled,rust,go,http_identity,echo_binary_1048576_load,1,complete,7433,806871.4845957218,751598.0,1123936.7999999998,1345708.3600000003,1238.5888926545808,2597509173.4083395,10.675773624108771,0.006893184700530305
controlled,rust,go,http_identity,echo_binary_1048576_load,2,noisy,17161,1165356.8816502534,1150074.0,1652092.0,1905618.6000000006,1715.272211517521,3597186548.9283924,13.598088995546888,0.07121284386642748
controlled,rust,go,http_identity,echo_binary_1048576_load,4,noisy,31744,1259872.7346270161,1175964.0,1921542.6999999997,2303416.3899999997,3172.743506173586,6653725389.458948,18.785166732257665,0.11099274180781692
controlled,rust,go,http_identity,echo_binary_1048576_load,8,noisy,46282,1728577.3524048226,1642739.5,2593582.9999999995,3064323.8900000006,4624.653954549735,9698602290.091887,30.373348202107866,0.09103515083827718
controlled,rust,go,http_identity,echo_binary_1048576_load,16,complete,30905,3107344.289758939,2960937.0,5015588.199999999,6023880.959999998,5143.943832455561,10787632096.121845,40.50805289232887,0.010245431081691691
controlled,rust,go,http_zstd,add_floats_load,1,complete,67647,88442.26089848774,81568.0,96597.4,164652.85999999993,11273.542893118689,0.0,3.920761077262428,0.001628318328228387
controlled,rust,go,http_zstd,add_floats_load,2,complete,125250,95561.60494211577,89489.0,111243.54999999999,173551.02,20872.706684407523,0.0,6.954205347329101,0.0030861707547041417
controlled,rust,go,http_zstd,add_floats_load,4,complete,253700,94348.38115490737,89552.0,109080.0,171964.07000000007,42277.883629577715,0.0,13.445848051453254,0.001769786560129109
controlled,rust,go,http_zstd,add_floats_load,8,complete,507019,94418.22752007321,89653.0,107847.09999999998,170915.82,84487.39275778894,0.0,26.786188810128646,0.0013615486972121775
controlled,rust,go,http_zstd,add_floats_load,16,complete,817687,117089.99716762037,109755.0,143053.0,198081.42000000004,136192.45482847386,0.0,55.01803932337143,0.0035413189895335483
controlled,rust,go,http_zstd,echo_binary_1048576_load,1,complete,1505,3991273.9481727574,3606877.0,6275207.199999999,7524019.6,250.50602049691193,525349201.89713985,4.19756857260376,0.01617277350531346
controlled,rust,go,http_zstd,echo_binary_1048576_load,2,complete,3241,3706326.154890466,3412200.0,6039210.0,7108365.199999999,539.2574365665355,1130904811.610383,7.458369885186574,0.004252734820518814
controlled,rust,go,http_zstd,echo_binary_1048576_load,4,complete,6389,3758122.7929253406,3521459.0,5919212.599999995,7153192.679999999,1063.865090387689,2231086802.0367227,13.857506123946825,0.0019824272051764827
controlled,rust,go,http_zstd,echo_binary_1048576_load,8,complete,12147,3955254.0476660905,3804011.0,5445768.799999999,7790383.519999994,2020.9772840101853,4238296553.116528,26.596598312815747,0.003885997548159638
controlled,rust,go,http_zstd,echo_binary_1048576_load,16,complete,19032,5049297.928909206,4947925.5,6646445.3,10223249.959999999,3165.1354879152545,6637770218.752452,50.42449338813384,0.020030876171133707
controlled,rust,go,tcp,add_floats_load,1,complete,142165,41952.701543980584,40718.0,44619.0,92806.07999999996,23693.099640026678,0.0,5.5492040184806095,0.005320545084411857
controlled,rust,go,tcp,add_floats_load,2,complete,206589,57835.56187889965,58430.0,67730.59999999998,144051.24,34428.189654970265,0.0,7.401838203048549,0.0016214495124997415
controlled,rust,go,tcp,add_floats_load,4,complete,445708,53597.33871503316,44867.0,117517.64999999997,207590.93,74272.88276628443,0.0,20.075764998135067,0.0047030949499858015
controlled,rust,go,tcp,add_floats_load,8,complete,490922,97526.35203963154,56721.5,262615.0,299696.57999999996,81798.25708802175,0.0,29.88221697152709,0.004192289185924792
controlled,rust,go,tcp,add_floats_load,16,noisy,815225,195961.91357723327,106901.0,536792.7999999999,667362.6400000001,81497.73354780511,0.0,34.420882769426655,0.09875734856054763
controlled,rust,go,tcp,echo_binary_1048576_load,1,complete,11770,509416.9000849618,457686.0,760789.8499999996,927399.1199999992,1961.3608306916565,4113271788.8066688,7.669638389521221,0.02666374870879052
controlled,rust,go,tcp,echo_binary_1048576_load,2,noisy,31304,638606.8039228214,592121.5,1024060.8999999999,1247512.100000001,3129.3850052533644,6562796022.537104,12.07189412479553,0.061414253545251776
controlled,rust,go,tcp,echo_binary_1048576_load,4,noisy,56673,705487.3843452791,629498.0,1182947.1999999995,1445042.0799999996,5665.45295979041,11881316005.530378,18.051275053790754,0.087263537107144
controlled,rust,go,tcp,echo_binary_1048576_load,8,complete,51514,931448.3197189113,875487.5,1527765.5999999999,1838390.0900000005,8582.076832559376,17997919593.55556,27.21685317336512,0.028260547153401917
controlled,rust,go,tcp,echo_binary_1048576_load,16,complete,66842,1435718.436402262,1385357.0,2364042.1999999997,2927386.6199999996,11133.132477057312,23347871040.525696,46.57900749835046,0.0007646734460382294
controlled,rust,rust,unix,add_floats_load,1,complete,274031,21665.75152446256,21366.0,22435.0,22949.0,45667.34635671807,0.0,4.801055230921662,0.00663652521196304
controlled,rust,rust,unix,add_floats_load,2,complete,541904,21906.687570123122,21447.0,22573.0,23098.0,90309.55757506497,0.0,9.674375433257454,0.0036379196617484584
controlled,rust,rust,unix,add_floats_load,4,complete,1089807,21787.272684980002,21400.0,22605.0,23138.0,181604.8283437837,0.0,19.568721788166453,0.005913189922206017
controlled,rust,rust,unix,add_floats_load,8,complete,2157047,22019.147609671927,21560.0,22690.0,23233.0,359277.45391144126,0.0,39.67708532192515,0.0016875210154792815
controlled,rust,rust,unix,add_floats_load,16,complete,4322739,21974.850094118567,21590.0,22818.0,25906.62000000011,719230.7513516244,0.0,84.18451396476591,0.0004079126980491263
controlled,rust,rust,unix,echo_binary_1048576_load,1,complete,35251,169849.26719809367,166959.0,176811.5,186070.0,5874.759357850869,12320263336.835665,5.530837985467289,0.014727847608263428
controlled,rust,rust,unix,echo_binary_1048576_load,2,complete,66482,180137.10410336632,172623.5,223129.8,232181.90000000002,11079.072852442814,23234499790.646152,11.08483436459548,0.010055687451766077
controlled,rust,rust,unix,echo_binary_1048576_load,4,noisy,201276,198368.12013354796,192564.5,230518.0,241345.25,20125.217154163733,42205639405.28878,21.795561542282314,0.0543363044004006
controlled,rust,rust,unix,echo_binary_1048576_load,8,complete,217531,220286.9519746611,212055.0,254967.0,274812.0,36249.178145357284,76020036445.89232,42.806764465375956,0.03950387299257581
controlled,rust,rust,unix,echo_binary_1048576_load,16,complete,340365,281602.4977803241,277830.0,334700.8,373556.72,56716.89339267227,118943946412.22943,84.96882723423057,0.01374164964238071
controlled,rust,rust,http_identity,add_floats_load,1,complete,130022,45913.97173555245,45750.0,46619.0,53564.57999999999,21668.35433002984,0.0,3.477280142724911,0.004414800654011175
controlled,rust,rust,http_identity,add_floats_load,2,complete,246681,48412.29847860192,48244.0,49537.0,56937.20000000001,41108.16465352595,0.0,6.761434875557318,0.0015689361010951415
controlled,rust,rust,http_identity,add_floats_load,4,complete,480508,49711.94414244924,48609.0,60064.0,67812.93,80068.18077503676,0.0,13.489600156572914,0.004040911797115173
controlled,rust,rust,http_identity,add_floats_load,8,complete,912981,52340.80445047597,50276.0,65893.0,76931.0,152126.7834908795,0.0,26.42618318141274,0.000632967159813698
controlled,rust,rust,http_identity,add_floats_load,16,complete,1565637,61061.54642168012,58965.0,77931.0,91611.0,260710.29098586025,0.0,53.339416086215145,0.0004530171910128306
controlled,rust,rust,http_identity,echo_binary_1048576_load,1,complete,5571,1076767.1190091546,1101521.0,1205354.0,1243549.3,928.3128713102766,1946813194.6940892,4.4089327989955835,0.007105176645186492
controlled,rust,rust,http_identity,echo_binary_1048576_load,2,complete,10407,1153050.50984914,1160098.0,1308370.7,1389255.9200000002,1733.6047572574603,3635632683.8919973,8.625752107271959,0.00046464443754863784
controlled,rust,rust,http_identity,echo_binary_1048576_load,4,complete,18158,1321692.5370635532,1304613.0,1589936.2999999998,1713069.56,3024.6040220329437,6343054374.014432,16.95313943459095,0.0035754968486334917
controlled,rust,rust,http_identity,echo_binary_1048576_load,8,complete,30968,1550000.7008202015,1548502.0,1884662.2999999998,2085083.1199999996,5157.635054555888,10816344669.93199,35.308203002262324,0.0021472962055222354
controlled,rust,rust,http_identity,echo_binary_1048576_load,16,complete,39924,2404833.1176735796,2379212.5,2923114.8499999996,3343131.5999999987,6646.841175912252,13939436265.74673,68.77023110897228,0.019171552843620404
controlled,rust,rust,http_zstd,add_floats_load,1,complete,105878,56439.111675702225,56237.0,57103.0,65469.919999999984,17645.127003639747,0.0,3.4076725484794905,0.001203066181003614
controlled,rust,rust,http_zstd,add_floats_load,2,complete,201155,59425.49396733862,59242.0,60699.0,69010.45999999999,33520.973512874894,0.0,6.644979978211144,0.006772373819350287
controlled,rust,rust,http_zstd,add_floats_load,4,complete,392154,60965.01473145754,59734.0,73289.0,83142.46999999997,65340.53670276372,0.0,13.415176671049528,0.002962006575064299
controlled,rust,rust,http_zstd,add_floats_load,8,complete,768407,62232.2325551433,60770.0,72183.0,85086.87999999989,128020.46571834407,0.0,26.583004121173616,0.0011682815470845371
controlled,rust,rust,http_zstd,add_floats_load,16,complete,1294199,73917.91163723663,71489.0,93418.0,108271.02000000002,215543.89766947654,0.0,52.70218582193788,0.0009031489111833868
controlled,rust,rust,http_zstd,echo_binary_1048576_load,1,noisy,5106,1959195.7119075598,2048764.0,2079586.25,2087639.2999999998,510.2870615607421,1070149531.7262334,3.173012234822104,0.05615318627327305
controlled,rust,rust,http_zstd,echo_binary_1048576_load,2,complete,5179,2317781.317242711,2076162.0,3030261.5999999996,3048586.98,862.5288225772363,1808854045.3254962,5.419052960165298,0.002060705204504702
controlled,rust,rust,http_zstd,echo_binary_1048576_load,4,complete,11790,2036454.307379135,2073212.0,2363820.8,2752012.2700000005,1963.061355201934,4116838047.1844463,12.068172198184891,0.004833255700564031
controlled,rust,rust,http_zstd,echo_binary_1048576_load,8,complete,22264,2156467.6467391304,2178493.0,2509346.95,2710293.169999999,3706.9335004334953,7774003004.3011055,23.712795349383033,0.0013094004544672063
controlled,rust,rust,http_zstd,echo_binary_1048576_load,16,complete,39348,2440734.2844108976,2445200.5,2814644.75,3040855.46,6549.071761801356,13734398943.405237,47.79080454522784,0.006260461611166088
controlled,rust,rust,tcp,add_floats_load,1,complete,149048,40012.08815951908,39787.0,42703.0,45887.70999999999,24839.281579695686,0.0,5.020998836357174,0.005120895058743542
controlled,rust,rust,tcp,add_floats_load,2,complete,281428,42402.71275068579,41464.0,44532.0,49659.189999999944,46901.189514095335,0.0,9.79283496046334,0.0037400946118741297
controlled,rust,rust,tcp,add_floats_load,4,complete,544784,43814.629076845136,43113.0,45909.0,50116.0,90781.4056600591,0.0,19.71449418398111,0.007125104143757313
controlled,rust,rust,tcp,add_floats_load,8,complete,1042345,45808.457904052884,44795.0,47579.0,53392.0,173642.63783065023,0.0,39.32279709110762,0.004005768474135412
controlled,rust,rust,tcp,add_floats_load,16,complete,1791453,53348.823534304276,52281.0,56286.0,64277.0,298323.2074667989,0.0,82.25084464033378,0.012961180127156368
controlled,rust,rust,tcp,echo_binary_1048576_load,1,complete,25473,235175.24213873514,232310.0,245346.2,250940.36,4245.0110525519485,8902433418.881424,5.179481980444896,0.0035699590760680413
controlled,rust,rust,tcp,echo_binary_1048576_load,2,complete,50267,238330.95446316668,234412.0,249684.7,258367.0,8377.016137258941,17567876146.284863,10.519698932017596,0.002025772171427299
controlled,rust,rust,tcp,echo_binary_1048576_load,4,complete,95672,250467.70519065138,242154.0,261695.90000000002,272275.57999999996,15943.068067821272,33435037084.567516,20.810517601939022,0.01464510438493903
controlled,rust,rust,tcp,echo_binary_1048576_load,8,complete,173546,276155.16903299413,267300.0,294881.5,307611.74999999994,28918.751421474586,60647017381.04827,42.250312770843315,0.010292980835423059
controlled,rust,rust,tcp,echo_binary_1048576_load,16,complete,282936,338764.5980822518,326127.0,362379.5,485438.8000000003,47143.17528845247,98866404342.52867,83.97664011227987,0.002546656913222016
controlled,rust,java,unix,add_floats_load,1,complete,240392,24714.32070534793,24284.0,27162.0,32208.0,40062.081614354945,0.0,6.043494938576077,0.014147812546312054
controlled,rust,java,unix,add_floats_load,2,complete,454854,26133.485368931568,26179.0,28447.0,32708.0,75801.84760296665,0.0,11.533368807576105,0.003280126582138714
controlled,rust,java,unix,add_floats_load,4,complete,939635,25294.346282333034,24843.0,28790.0,31391.0,156526.78141287772,0.0,23.10890848624939,0.004274536139270364
controlled,rust,java,unix,add_floats_load,8,complete,1845031,25767.976719632352,25297.0,29153.0,33614.69999999995,307370.8292211861,0.0,45.079905653290865,0.0013265393450059395
controlled,rust,java,unix,add_floats_load,16,complete,2092808,45585.17943929878,30527.0,64627.0,97771.92999999993,348655.3899061095,0.0,75.16544414723843,0.005188996543617078
controlled,rust,java,unix,echo_binary_1048576_load,1,complete,14401,416303.5743351156,411052.0,437398.0,466118.0,2399.787441056223,5032719031.58594,5.60598926504976,0.01763274117291259
controlled,rust,java,unix,echo_binary_1048576_load,2,complete,28029,427766.99743123195,422376.0,450754.80000000005,476119.1200000001,4670.697160871064,9795161892.315073,10.288729007576665,0.010543754406679972
controlled,rust,java,unix,echo_binary_1048576_load,4,complete,52991,452528.3778943594,445540.0,484796.0,591653.9999999929,8829.619176823662,18517053515.914097,19.671337125971927,0.0015051146337998237
controlled,rust,java,unix,echo_binary_1048576_load,8,complete,90686,528853.6508832675,521240.5,569345.5,686758.0999999945,15110.275154143288,31688543760.061905,37.32634174590505,0.0015502630971924883
controlled,rust,java,unix,echo_binary_1048576_load,16,complete,109671,874592.4329768125,829471.0,1213187.5,1495013.9000000001,18271.64217762804,38318410936.097,70.42433754028299,0.0051978346604037735
controlled,rust,java,http_identity,add_floats_load,1,complete,110242,54170.74416284175,52509.0,62885.0,85097.35999999999,18371.669810069725,0.0,5.1551773068922815,0.003929522837005431
controlled,rust,java,http_identity,add_floats_load,2,complete,218473,54675.76086289839,53791.0,57127.0,67749.12,36408.57636840621,0.0,7.881935528079776,0.0019579600555104664
controlled,rust,java,http_identity,add_floats_load,4,complete,432992,55166.565650173674,54305.0,57556.0,67995.08999999997,72149.58514718381,0.0,15.413761645002864,0.003967729485768288
controlled,rust,java,http_identity,add_floats_load,8,complete,834167,57282.20730980727,55226.0,67813.0,81338.67999999993,138989.694375877,0.0,30.786671519002997,0.002011428202233297
controlled,rust,java,http_identity,add_floats_load,16,complete,1228751,77806.31026953386,75009.0,99222.0,118849.5,204658.79127042936,0.0,61.428187891592046,0.00411269808879634
controlled,rust,java,http_identity,echo_binary_1048576_load,1,complete,5181,1158009.711059641,1121500.0,1254506.0,2641836.7999999425,863.17747517503,1810214368.4182646,5.2475058238831105,0.039555315526975526
controlled,rust,java,http_identity,echo_binary_1048576_load,2,complete,10144,1182621.7728706624,1168407.5,1295310.0,1575745.1299999983,1689.9922482201384,3544170623.3393598,9.76071374270688,0.03593382059388655
controlled,rust,java,http_identity,echo_binary_1048576_load,4,complete,29998,1333254.403660244,1303421.5,1516905.15,1765062.9199999997,2998.1666761475353,6287611241.216156,17.484278273638825,0.046288719325507786
controlled,rust,java,http_identity,echo_binary_1048576_load,8,complete,27041,1775035.2783181095,1737024.0,2021434.0,2486758.1999999993,4503.287939021273,9444079307.89434,34.14873046642081,0.03316482830556331
controlled,rust,java,http_identity,echo_binary_1048576_load,16,complete,29021,3308563.910995486,3219604.0,4072615.0,4949375.799999998,4831.007096101539,10131356193.603535,64.95452386565302,0.012565399681225055
controlled,rust,java,http_zstd,add_floats_load,1,complete,78478,76199.37599072352,72817.0,88548.5499999999,137027.06999999995,13078.588487449644,0.0,5.035926020893215,0.009112237539819643
controlled,rust,java,http_zstd,add_floats_load,2,complete,159037,75190.87817929161,73675.0,82870.99999999991,92310.91999999995,26502.80086837912,0.0,7.9796800531301635,0.0032485685755097465
controlled,rust,java,http_zstd,add_floats_load,4,complete,318530,75073.25786582111,73864.0,79871.09999999998,89179.0,53079.12897888884,0.0,14.845599211945151,0.0026884538977961408
controlled,rust,java,http_zstd,add_floats_load,8,complete,605287,79032.82330696017,75903.0,92545.0,112882.42000000004,100857.59342307108,0.0,29.26433379653133,0.0011647815251707109
controlled,rust,java,http_zstd,add_floats_load,16,complete,901572,106152.81673232975,102911.0,129498.44999999995,157403.58000000007,150171.9548185121,0.0,58.9189538808862,0.006061245109469129
controlled,rust,java,http_zstd,echo_binary_1048576_load,1,complete,3568,1681837.4921524664,1637165.5,1813503.7499999995,3119613.9299999997,594.3934783716626,1246533471.954089,4.052121695652175,0.020393837839830307
controlled,rust,java,http_zstd,echo_binary_1048576_load,2,complete,7222,1661904.1127111604,1646214.5,1755705.9000000001,2082108.46,1202.9074959077172,2522679860.857861,8.391439686918131,0.022465557051408624
controlled,rust,java,http_zstd,echo_binary_1048576_load,4,noisy,23414,1708618.4259417444,1653043.5,1934174.0999999999,2111144.06,2339.756119638976,4906824225.813118,13.726287818690412,0.05683539084940266
controlled,rust,java,http_zstd,echo_binary_1048576_load,8,complete,25124,1910926.2111924852,1865874.5,2235959.15,2492657.85,4184.03765752465,8774562941.553135,27.37183302056081,0.029642092023578218
controlled,rust,java,http_zstd,echo_binary_1048576_load,16,complete,35209,2727522.8140248233,2664213.0,3311626.1999999997,3696983.479999999,5860.941984095709,12291286203.830284,53.48534789195247,0.009222710894063142
controlled,rust,java,tcp,add_floats_load,1,complete,213770,27815.612003555223,27309.0,30361.0,36074.23999999999,35626.22681391887,0.0,6.366026048696372,0.009373984675363893
controlled,rust,java,tcp,add_floats_load,2,complete,412146,28867.92711078113,28593.0,30651.0,36549.0,68678.76469492623,0.0,12.283803670492324,0.005342770597915401
controlled,rust,java,tcp,add_floats_load,4,complete,791536,30072.300591508156,29607.0,32066.0,38248.0,131887.51424786914,0.0,24.830363504023776,0.0007461569288108667
controlled,rust,java,tcp,add_floats_load,8,complete,1534675,31026.46299509668,30239.0,35713.30000000005,41572.0,255659.11136368258,0.0,47.77738250269223,0.0005704550038774025
controlled,rust,java,tcp,add_floats_load,16,complete,1576710,60630.9941625283,37402.0,75377.0,110326.0,262374.3526531755,0.0,76.03910086796283,0.0036857212216558737
controlled,rust,java,tcp,echo_binary_1048576_load,1,complete,13430,446367.2061057334,441202.0,471718.25,497391.01999999996,2238.175970165106,4693795212.183692,5.831083662128182,0.019547127104331465
controlled,rust,java,tcp,echo_binary_1048576_load,2,complete,26749,448268.1137238775,441428.0,473565.0,497714.20000000007,4457.095267134956,9347206253.662607,10.16713253407513,0.009039312738811615
controlled,rust,java,tcp,echo_binary_1048576_load,4,complete,50562,474290.20402673946,466805.0,509167.9,620167.6799999999,8425.073644823942,17668660044.38982,18.90139983315004,0.006541285080654821
controlled,rust,java,tcp,echo_binary_1048576_load,8,complete,91119,526330.9533686717,519123.0,563038.1,637906.5599999984,15182.391475330072,31839782647.27141,36.483045494380285,0.003003706434417692
controlled,rust,java,tcp,echo_binary_1048576_load,16,complete,120038,798935.7703060698,763574.0,1030766.4999999999,1371425.7400000005,19997.269057869617,41937312799.24938,70.60773101121138,0.0040085942959688925
controlled,rust,cpp,unix,add_floats_load,1,complete,255696,23215.586188286088,23045.0,24083.0,29160.04999999999,42611.81479538624,0.0,4.727599360052275,0.008042179102303298
controlled,rust,cpp,unix,add_floats_load,2,complete,486603,24413.52881507101,24228.0,25398.0,30478.0,81090.8512969373,0.0,9.406902918831653,0.00841267420352453
controlled,rust,cpp,unix,add_floats_load,4,complete,961646,24709.104911786664,24535.0,25772.0,30694.550000000047,160252.35453594764,0.0,19.06357021310122,0.004901471949511337
controlled,rust,cpp,unix,add_floats_load,8,complete,1876092,25335.322268310934,25100.0,26928.0,31446.0,312552.6893469684,0.0,39.22182144059639,0.0023078715606232978
controlled,rust,cpp,unix,add_floats_load,16,complete,3498665,27187.529135255878,27022.0,28733.0,33569.0,582800.8815634237,0.0,82.8696237547803,0.0019784710269233055
controlled,rust,cpp,unix,echo_binary_1048576_load,1,complete,34921,171452.39073909682,170305.0,180359.0,187290.00000000003,5819.792702307063,12204989905.228662,5.547924210098132,0.006883390762149924
controlled,rust,cpp,unix,echo_binary_1048576_load,2,complete,66781,179331.7958551085,176526.0,201484.0,208037.19999999992,11129.30335918556,23339840798.322716,11.13837488813005,0.006277293570553189
controlled,rust,cpp,unix,echo_binary_1048576_load,4,complete,123365,194172.1854739999,188121.0,226379.0,240601.36000000002,20558.712404047525,43114744835.573074,21.844516973191435,0.04123672676463681
controlled,rust,cpp,unix,echo_binary_1048576_load,8,noisy,366488,217901.19191624282,213377.5,261436.0,276446.26,36642.9803325492,76845899490.36623,43.75415926101249,0.05072329276576767
controlled,rust,cpp,unix,echo_binary_1048576_load,16,complete,330757,289775.95116958977,288404.0,355515.80000000005,411419.2800000001,55115.48931745358,115585558653.07642,86.13097473535227,0.009773594854209082
controlled,rust,cpp,http_identity,add_floats_load,1,complete,121378,49168.66617508939,48865.0,50347.0,62542.45999999999,20227.836795866602,0.0,3.4594318107525557,0.00902095939378373
controlled,rust,cpp,http_identity,add_floats_load,2,complete,240184,49706.243542450786,49263.0,51174.0,63156.33999999997,40025.83479458707,0.0,6.8907263907843515,0.001542869131355249
controlled,rust,cpp,http_identity,add_floats_load,4,complete,476973,50063.16510158856,49639.0,51887.0,63379.27999999997,79480.81533650726,0.0,13.816558958485503,0.0035411205358329635
controlled,rust,cpp,http_identity,add_floats_load,8,complete,934176,51125.20866410612,50539.0,55709.0,65796.0,155665.1279469976,0.0,27.888011685133048,0.0008233742853584268
controlled,rust,cpp,http_identity,add_floats_load,16,complete,1434170,66649.00824448984,65035.0,83123.0,97855.31000000006,238925.30483943992,0.0,56.376613609875186,0.0005403423694621721
controlled,rust,cpp,http_identity,echo_binary_1048576_load,1,complete,9764,614208.8920524375,595014.0,814664.95,1088379.2400000002,1626.9453605540382,3411951716.7766223,4.473639749392473,0.010293705984072449
controlled,rust,cpp,http_identity,echo_binary_1048576_load,2,complete,18727,640448.1965077161,619489.0,823529.4,1163387.2200000014,3120.275891865195,6543692827.176877,8.541202310736132,0.007653252394000101
controlled,rust,cpp,http_identity,echo_binary_1048576_load,4,complete,33455,717000.4597817964,696383.0,886890.9,1261421.0399999989,5574.1416798100145,11689822372.096931,17.25185036099272,0.00890723348847734
controlled,rust,cpp,http_identity,echo_binary_1048576_load,8,complete,42417,1131118.8386260227,1111824.0,1339378.4,1788738.7599999963,7066.1684982281095,14818829398.396076,32.49188993454052,0.025740844984364113
controlled,rust,cpp,http_identity,echo_binary_1048576_load,16,complete,47261,2030551.8671208818,1987421.0,2524833.0,3196146.200000001,7870.864488173132,16506399203.10126,64.79060890386766,0.001865135829362256
controlled,rust,cpp,http_zstd,add_floats_load,1,complete,87162,68587.43437507171,68029.0,70678.84999999999,83431.0,14525.860606019924,0.0,3.373342320537161,0.0013649996596596533
controlled,rust,cpp,http_zstd,add_floats_load,2,complete,172764,69209.99024681067,68669.0,71203.70000000001,83489.37,28790.76290577423,0.0,6.672436890423857,0.004291963051269447
controlled,rust,cpp,http_zstd,add_floats_load,4,complete,344696,69367.22971255831,68836.0,71407.25,83447.04999999999,57440.15877098716,0.0,13.394281681289542,0.00044131487664464506
controlled,rust,cpp,http_zstd,add_floats_load,8,complete,679118,70425.16323820014,69607.0,76697.15000000002,86664.65999999992,113164.96518511219,0.0,26.981180974119017,0.00026027292606528417
controlled,rust,cpp,http_zstd,add_floats_load,16,complete,1071161,89334.23910691297,87275.0,109252.0,125577.19999999972,178424.0776283213,0.0,54.921278352925015,0.0003563307799328781
controlled,rust,cpp,http_zstd,echo_binary_1048576_load,1,complete,4345,1380684.5813578826,1257562.0,1960392.6,2290707.9200000037,724.0313821269476,1518403861.0902925,3.2234420166160405,0.0012921961580908059
controlled,rust,cpp,http_zstd,echo_binary_1048576_load,2,complete,8707,1377963.5973354771,1269097.0,1909824.3999999997,2193350.3200000003,1450.7579286770833,3042459891.6410027,6.430586460295203,0.0031611747246332697
controlled,rust,cpp,http_zstd,echo_binary_1048576_load,4,complete,17065,1406459.930559625,1301574.0,1993918.4,2329306.0400000038,2842.115250615694,5960347682.059204,12.710310379463008,0.002132644505428285
controlled,rust,cpp,http_zstd,echo_binary_1048576_load,8,complete,29700,1616274.4066329966,1484087.5,2344021.9499999997,2660382.489999997,4945.222383566069,10370883012.140348,25.420883891251208,0.0005328722633301804
controlled,rust,cpp,http_zstd,echo_binary_1048576_load,16,complete,43989,2182559.8815158335,2033492.0,3247075.5999999996,3664278.0800000117,7323.918349302027,15359370014.075445,50.89828846946793,0.0016041924585655943
controlled,rust,cpp,tcp,add_floats_load,1,complete,158140,37690.54408119388,36804.0,41302.0,45537.0,26354.915176106377,0.0,5.050433765002289,0.005558057782606847
controlled,rust,cpp,tcp,add_floats_load,2,complete,305614,39011.072280720124,38518.0,42681.0,47106.869999999995,50930.26671723095,0.0,10.355304440435825,0.01330205936921266
controlled,rust,cpp,tcp,add_floats_load,4,complete,594792,40098.498342277635,39565.0,43781.0,48277.0,99114.41768047091,0.0,20.924231504004307,0.0018701487486152716
controlled,rust,cpp,tcp,add_floats_load,8,complete,1150461,41473.91456555242,40937.0,45242.0,49694.0,191677.04291768803,0.0,42.538320011802796,0.0036085709986889794
controlled,rust,cpp,tcp,add_floats_load,16,complete,1771178,53945.68080000993,53677.5,58132.0,63546.0,295039.7469376144,0.0,84.44839364132908,0.021667281020382016
controlled,rust,cpp,tcp,echo_binary_1048576_load,1,complete,26394,226940.06270364477,225799.5,238898.69999999998,245408.82,4398.647729164854,9224632882.513533,5.160863223999127,0.011903577661423545
controlled,rust,cpp,tcp,echo_binary_1048576_load,2,complete,50912,235310.37439110622,233692.5,248743.90000000002,257747.57,8484.2738921541,17792811961.478756,10.482435004728522,0.01679936164164703
controlled,rust,cpp,tcp,echo_binary_1048576_load,4,complete,99454,240930.73062923562,238963.0,258740.34999999998,270959.35,16573.33650803587,34756805804.50044,21.452813606860616,0.011278938002555305
controlled,rust,cpp,tcp,echo_binary_1048576_load,8,complete,185922,257759.22938651693,254545.0,281474.95,298023.79000000004,30981.298377407315,64972491854.776505,43.246439775188236,0.009498083566720715
controlled,rust,cpp,tcp,echo_binary_1048576_load,16,complete,288408,332302.49906729354,327462.0,362842.0,484972.42999999964,48058.31617720282,100785593887.65324,85.72228620824914,0.007668333635937993
controlled,rust,rust,unix,void_noop,1,complete,281119,17731.512387992272,17671.0,18519.0,18905.0,56223.304908821636,0.0,,0.0014636392014420944
controlled,rust,rust,unix,add_floats,1,complete,230460,21642.977627353986,21616.0,22210.0,22612.0,46091.33731718859,0.0,,0.005570686078012317
controlled,rust,rust,unix,echo_string_11b,1,complete,228597,21819.740600270346,21759.0,22567.0,23021.040000000008,45718.828606080075,0.0,,0.002910570921476029
controlled,rust,rust,unix,echo_binary_1024,1,complete,187634,26594.692065403924,26439.0,27715.0,29004.01000000004,37526.203888745986,76853665.56415178,,0.0009980859231495153
controlled,rust,rust,unix,echo_binary_65536,1,complete,133219,37479.61380884108,37369.0,38401.0,42600.100000000035,26643.31672220664,3492192809.413069,,0.0051870103205533345
controlled,rust,rust,unix,echo_binary_1048576,1,complete,26610,187860.890529876,187276.0,196923.3,204476.22,5321.518865514812,11160033931.85212,,0.007088821712478393
controlled,rust,rust,unix,echo_binary_16777216,1,complete,453,11096655.225165563,11099711.0,11422529.8,11591606.399999999,90.11626836154998,3023800198.8313804,,0.008171951398929834
controlled,rust,rust,http_identity,void_noop,1,complete,120815,41331.230989529446,41183.0,41930.0,48249.72,24162.61986399925,0.0,,0.0010265167257339596
controlled,rust,rust,http_identity,add_floats,1,complete,108595,45990.492066853905,45826.0,46613.0,54201.95999999996,21718.480059587375,0.0,,0.002324011790382121
controlled,rust,rust,http_identity,echo_string_11b,1,complete,109533,45596.660495010634,45434.0,46243.0,53879.71999999997,21905.934015794053,0.0,,0.003033109826428788
controlled,rust,rust,http_identity,echo_binary_1024,1,complete,111468,44803.45983600675,44625.0,45746.0,52722.640000000014,22293.299620080918,45656677.62192572,,0.00781424983877873
controlled,rust,rust,http_identity,echo_binary_65536,1,complete,53569,93288.37685975098,97469.0,103277.6,111941.63999999998,10713.356381338961,1404221047.6148603,,0.005336932054493092
controlled,rust,rust,http_identity,echo_binary_1048576,1,complete,4705,1063192.7982996812,1077281.0,1200541.4,1257083.68,940.5104150462226,1972393297.935016,,0.004061386502310653
controlled,rust,rust,http_identity,echo_binary_16777216,1,complete,108,47040487.74074074,47196112.0,51394653.849999994,52548965.489999995,21.25819027706195,713306500.0947363,,0.016032728611990534
controlled,rust,rust,stdio_shm,void_noop,1,complete,513778,9678.69121098996,9623.0,9896.0,10464.0,102755.27498506522,0.0,,0.006136364676943399
controlled,rust,rust,stdio_shm,add_floats,1,complete,349573,14250.244169315136,14202.0,14404.0,14522.27999999997,69914.07525291678,0.0,,0.0022431095891755435
controlled,rust,rust,stdio_shm,echo_string_11b,1,complete,359155,13868.553724714957,13821.0,14041.0,14163.0,71830.47988986122,0.0,,0.0027632849279965155
controlled,rust,rust,stdio_shm,echo_binary_1024,1,complete,389761,12775.4266512042,12761.0,13038.0,13261.0,77951.79798698743,159645282.27735025,,0.0022455627206919735
controlled,rust,rust,stdio_shm,echo_binary_65536,1,complete,129913,38434.97651505238,38288.0,39002.0,43223.76000000001,25982.11029957792,3405527161.186277,,0.0015578149844389072
controlled,rust,rust,stdio_shm,echo_binary_1048576,1,complete,19280,259311.60124481327,246836.5,304789.1,316883.0,3855.529343966394,8085631074.757812,,0.010622309495419865
controlled,rust,rust,stdio_shm,echo_binary_16777216,1,complete,538,9333392.960966542,9346277.0,9673474.7,9855071.23,107.14058298014294,3595041406.0475636,,0.011643420652804095
controlled,rust,rust,http_zstd,void_noop,1,complete,98906,50500.63154914768,50018.0,54560.0,60212.49999999997,19780.678458675622,0.0,,0.000969114322099655
controlled,rust,rust,http_zstd,add_floats,1,complete,86691,57624.258885005365,57030.0,63394.0,68118.70000000004,17337.85686300725,0.0,,0.00028352130025681736
controlled,rust,rust,http_zstd,echo_string_11b,1,complete,90185,55389.10756777735,55180.0,56055.0,65452.96000000002,18036.67804529689,0.0,,0.0008666007279444671
controlled,rust,rust,http_zstd,echo_binary_1024,1,complete,76942,64932.597670972944,64722.0,65637.0,75416.59,15387.992719841486,31514609.090235364,,0.0035991970921363903
controlled,rust,rust,http_zstd,echo_binary_65536,1,complete,29997,166641.44617795112,165972.0,173268.19999999995,181655.72000000003,5998.980206962466,786298333.6869843,,0.003316119355082495
controlled,rust,rust,http_zstd,echo_binary_1048576,1,complete,2604,1922466.4047619049,1839977.5,2097737.0,2145729.9899999998,520.1494720459189,1090832505.6000428,,0.04424791936043937
controlled,rust,rust,http_zstd,echo_binary_16777216,1,complete,110,45726051.763636366,45674344.0,46251971.15,46393875.97,21.869278148159342,733811206.5114986,,0.0036331327149425273
controlled,rust,rust,stdio,void_noop,1,complete,578416,8591.324437774889,8573.0,8738.0,8815.0,115682.90609600877,0.0,,0.002397847173857708
controlled,rust,rust,stdio,add_floats,1,complete,380925,13072.72826934436,13175.0,13425.0,13659.76000000001,76184.63483180833,0.0,,0.0005768150700526724
controlled,rust,rust,stdio,echo_string_11b,1,complete,390717,12743.813829446888,12674.0,13049.0,13168.0,78142.80422363203,0.0,,0.004532897732925442
controlled,rust,rust,stdio,echo_binary_1024,1,complete,428589,11613.406221344925,11562.0,11806.0,11933.0,85717.19313941602,175548811.549524,,0.005179582351056041
controlled,rust,rust,stdio,echo_binary_65536,1,complete,131839,37872.57690819864,37719.0,38594.0,42485.95999999996,26367.256634122186,3456009061.547663,,0.006874176958120601
controlled,rust,rust,stdio,echo_binary_1048576,1,complete,11167,447782.6766365183,446697.0,462581.69999999995,467128.67999999993,2232.9369129999623,4682808112.971697,,0.004680447040027967
controlled,rust,rust,stdio,echo_binary_16777216,1,complete,282,17921647.379432622,17876058.0,18501989.8,19424191.39,55.79799547149642,1872270044.7846346,,0.002634481448841088
controlled,rust,rust,tcp,void_noop,1,complete,149045,33493.38430004361,33117.0,36512.79999999999,39379.56,29808.47052406147,0.0,,0.0011631088235864444
controlled,rust,rust,tcp,add_floats,1,complete,127082,39291.46924033301,39002.0,41760.0,45904.66000000003,25415.963160591582,0.0,,0.012897535964114961
controlled,rust,rust,tcp,echo_string_11b,1,complete,123644,40385.741111578405,40234.0,42698.0,47089.109999999826,24728.33987483428,0.0,,0.001793161505326402
controlled,rust,rust,tcp,echo_binary_1024,1,complete,87932,56809.87590410772,56318.0,60439.0,66567.83000000002,17586.020120862166,36016169.207525715,,0.009959567316110808
controlled,rust,rust,tcp,echo_binary_65536,1,complete,73011,68431.80201613455,68005.0,71822.5,79449.09999999995,14601.709543178153,1913875273.2434468,,0.010014139900028328
controlled,rust,rust,tcp,echo_binary_1048576,1,complete,19299,259054.74252551945,258140.0,271322.39999999997,277787.9,3859.3761409278213,8093698392.699062,,0.01096057408066572
controlled,rust,rust,tcp,echo_binary_16777216,1,complete,469,10705034.206823029,10661673.0,11132481.8,11570665.76,93.41301271844777,3134420583.176291,,0.004829590830468049
